Bike Name,Price (as shown),Expected Launch
Honda Shine Electric,Honda Shine Electric Rs. 1.30 Lakh Expected Launch : Jan 2028 Alert Me When Launched,Honda Shine Electric Rs. 1.30 Lakh Expected Launch : Jan 2028 Alert Me When Launched
Honda CBR500R,Honda CBR500R Rs. 5.50 Lakh Expected Launch : Unrevealed Alert Me When Launched,Honda CBR500R Rs. 5.50 Lakh Expected Launch : Unrevealed Alert Me When Launched
Honda Forza 350,Honda Forza 350 Rs. 3.70 Lakh Expected Launch : Unrevealed Alert Me When Launched,Honda Forza 350 Rs. 3.70 Lakh Expected Launch : Unrevealed Alert Me When Launched
Honda Rebel 1100,Honda Rebel 1100 Rs. 12.00 Lakh Expected Launch : Unrevealed Alert Me When Launched,Honda Rebel 1100 Rs. 12.00 Lakh Expected Launch : Unrevealed Alert Me When Launched
Honda CB500F,Honda CB500F Rs. 5.00 Lakh Expected Launch : Unrevealed Alert Me When Launched,Honda CB500F Rs. 5.00 Lakh Expected Launch : Unrevealed Alert Me When Launched
Honda CBR150R,Honda CBR150R Rs. 1.70 Lakh Expected Launch : Unrevealed Alert Me When Launched,Honda CBR150R Rs. 1.70 Lakh Expected Launch : Unrevealed Alert Me When Launched
Honda Rebel 300,Honda Rebel 300 Rs. 2.30 Lakh Expected Launch : Unrevealed Alert Me When Launched,Honda Rebel 300 Rs. 2.30 Lakh Expected Launch : Unrevealed Alert Me When Launched
Honda PCX160,Honda PCX160 Rs. 1.20 Lakh Expected Launch : Unrevealed Alert Me When Launched,Honda PCX160 Rs. 1.20 Lakh Expected Launch : Unrevealed Alert Me When Launched
Honda Motocompacto,,Honda Motocompacto Price To Be Announced Expected Launch : Unrevealed Alert Me When Launched
Honda CRF300L,Honda CRF300L Rs. 3.30 Lakh Expected Launch : Unrevealed Alert Me When Launched,Honda CRF300L Rs. 3.30 Lakh Expected Launch : Unrevealed Alert Me When Launched
Honda CB350 Cruiser,Honda CB350 Cruiser Rs. 2.30 Lakh Expected Launch : Unrevealed Alert Me When Launched,Honda CB350 Cruiser Rs. 2.30 Lakh Expected Launch : Unrevealed Alert Me When Launched
Honda Activa 7G,"Honda Activa 7G Rs. 79,000 Expected Launch : Unrevealed Alert Me When Launched","Honda Activa 7G Rs. 79,000 Expected Launch : Unrevealed Alert Me When Launched"
Honda CB1000R,Honda CB1000R Rs. 14.46 Lakh Expected Launch : Unrevealed Alert Me When Launched,Honda CB1000R Rs. 14.46 Lakh Expected Launch : Unrevealed Alert Me When Launched
Honda CB1000GT,,Honda CB1000GT Price To Be Announced Expected Launch : Unrevealed Alert Me When Launched
Honda WN7,,Honda WN7 Price To Be Announced Expected Launch : Unrevealed Alert Me When Launched
Honda SH125i,,Honda SH125i Price To Be Announced Expected Launch : Unrevealed Alert Me When Launched
Honda CL500 Scrambler,Honda CL500 Scrambler Rs. 6.00 Lakh Expected Launch : Unrevealed Alert Me When Launched,Honda CL500 Scrambler Rs. 6.00 Lakh Expected Launch : Unrevealed Alert Me When Launched
